row_id,ag,age,email,name
1,,100,xyz@.com,yes
10039,,89,user10039@example.com,User10039
10043,,1,user10043@example.com,User10043
10107,,99,user10107@example.com,User10107
10149,,45,user10149@example.com,User10149
10158,,69,user10158@example.com,User10158
10295,,38,user10295@example.com,User10295
10388,,30,user10388@example.com,User10388
10393,,17,user10393@example.com,User10393
10420,,50,user10420@example.com,User10420
10450,,1,user10450@example.com,User10450
10469,,46,user10469@example.com,User10469
10470,,62,user10470@example.com,User10470
10478,,64,user10478@example.com,User10478
10508,,11,user10508@example.com,User10508
10608,,81,user10608@example.com,User10608
10725,,62,user10725@example.com,User10725
10738,,77,user10738@example.com,User10738
10759,,29,user10759@example.com,User10759
10767,,4,user10767@example.com,User10767
10778,,98,user10778@example.com,User10778
10824,,14,user10824@example.com,User10824
10860,,48,user10860@example.com,User10860
10904,,18,user10904@example.com,User10904
10905,,63,user10905@example.com,User10905
10927,,83,user10927@example.com,User10927
11030,,89,user11030@example.com,User11030
11067,,29,user11067@example.com,User11067
11094,,53,user11094@example.com,User11094
11096,,66,user11096@example.com,User11096
11099,,20,user11099@example.com,User11099
11245,,73,user11245@example.com,User11245
11266,,97,user11266@example.com,User11266
11317,,89,user11317@example.com,User11317
11368,,20,user11368@example.com,User11368
11473,,13,user11473@example.com,User11473
11483,,33,user11483@example.com,User11483
11500,,21,user11500@example.com,User11500
11514,,95,user11514@example.com,User11514
11517,,55,user11517@example.com,User11517
11520,,59,user11520@example.com,User11520
11538,,97,user11538@example.com,User11538
11569,,56,user11569@example.com,User11569
11574,,69,user11574@example.com,User11574
11593,,14,user11593@example.com,User11593
11597,,92,user11597@example.com,User11597
11609,,88,user11609@example.com,User11609
11622,,99,user11622@example.com,User11622
11638,,58,user11638@example.com,User11638
11692,,26,user11692@example.com,User11692
11700,,83,user11700@example.com,User11700
11720,,99,user11720@example.com,User11720
11863,,87,user11863@example.com,User11863
11872,,36,user11872@example.com,User11872
11877,,13,user11877@example.com,User11877
11976,,50,user11976@example.com,User11976
12085,,22,user12085@example.com,User12085
12120,,15,user12120@example.com,User12120
12121,,99,user12121@example.com,User12121
12169,,22,user12169@example.com,User12169
12303,,26,user12303@example.com,User12303
12412,,10,user12412@example.com,User12412
12420,,47,user12420@example.com,User12420
12496,,55,user12496@example.com,User12496
12561,,26,user12561@example.com,User12561
12604,,85,user12604@example.com,User12604
12613,,98,user12613@example.com,User12613
12620,,40,user12620@example.com,User12620
12663,,41,user12663@example.com,User12663
12671,,6,user12671@example.com,User12671
12677,,6,user12677@example.com,User12677
12731,,11,user12731@example.com,User12731
12745,,55,user12745@example.com,User12745
12871,,51,user12871@example.com,User12871
12905,,97,user12905@example.com,User12905
12922,,79,user12922@example.com,User12922
12939,,74,user12939@example.com,User12939
13052,,53,user13052@example.com,User13052
13067,,19,user13067@example.com,User13067
13088,,82,user13088@example.com,User13088
13120,,22,user13120@example.com,User13120
13132,,81,user13132@example.com,User13132
13163,,11,user13163@example.com,User13163
13263,,93,user13263@example.com,User13263
13314,,20,user13314@example.com,User13314
13328,,5,user13328@example.com,User13328
13339,,70,user13339@example.com,User13339
13341,,94,user13341@example.com,User13341
13454,,60,user13454@example.com,User13454
13456,,44,user13456@example.com,User13456
13476,,11,user13476@example.com,User13476
13518,,16,user13518@example.com,User13518
13552,,59,user13552@example.com,User13552
13665,,21,user13665@example.com,User13665
13669,,94,user13669@example.com,User13669
13674,,88,user13674@example.com,User13674
13724,,59,user13724@example.com,User13724
13743,,22,user13743@example.com,User13743
13779,,54,user13779@example.com,User13779
13843,,10,user13843@example.com,User13843
13857,,16,user13857@example.com,User13857
13871,,89,user13871@example.com,User13871
13935,,33,user13935@example.com,User13935
13945,,62,user13945@example.com,User13945
14012,,8,user14012@example.com,User14012
14064,,91,user14064@example.com,User14064
14116,,50,user14116@example.com,User14116
14211,,84,user14211@example.com,User14211
14336,,7,user14336@example.com,User14336
14337,,32,user14337@example.com,User14337
14403,,49,user14403@example.com,User14403
14418,,45,user14418@example.com,User14418
14421,,6,user14421@example.com,User14421
14430,,5,user14430@example.com,User14430
14436,,12,user14436@example.com,User14436
14456,,72,user14456@example.com,User14456
14503,,73,user14503@example.com,User14503
14653,,3,user14653@example.com,User14653
14669,,25,user14669@example.com,User14669
14726,,38,user14726@example.com,User14726
14853,,20,user14853@example.com,User14853
14877,,39,user14877@example.com,User14877
14919,,90,user14919@example.com,User14919
14928,,82,user14928@example.com,User14928
14931,,3,user14931@example.com,User14931
14953,,13,user14953@example.com,User14953
14997,,64,user14997@example.com,User14997
15051,,69,user15051@example.com,User15051
15092,,30,user15092@example.com,User15092
15093,,29,user15093@example.com,User15093
15102,,57,user15102@example.com,User15102
15150,,47,user15150@example.com,User15150
15204,,91,user15204@example.com,User15204
15239,,46,user15239@example.com,User15239
15245,,15,user15245@example.com,User15245
15246,,53,user15246@example.com,User15246
15278,,9,user15278@example.com,User15278
15331,,14,user15331@example.com,User15331
15365,,50,user15365@example.com,User15365
15459,,80,user15459@example.com,User15459
15521,,20,user15521@example.com,User15521
15580,,2,user15580@example.com,User15580
15628,,90,user15628@example.com,User15628
15671,,75,user15671@example.com,User15671
15764,,28,user15764@example.com,User15764
15803,,3,user15803@example.com,User15803
15828,,18,user15828@example.com,User15828
15954,,51,user15954@example.com,User15954
15965,,47,user15965@example.com,User15965
16011,,90,user16011@example.com,User16011
16043,,43,user16043@example.com,User16043
16072,,18,user16072@example.com,User16072
16083,,85,user16083@example.com,User16083
16084,,48,user16084@example.com,User16084
16089,,79,user16089@example.com,User16089
16142,,25,user16142@example.com,User16142
16149,,71,user16149@example.com,User16149
16154,,69,user16154@example.com,User16154
16179,,15,user16179@example.com,User16179
16201,,18,user16201@example.com,User16201
16262,,61,user16262@example.com,User16262
16411,,15,user16411@example.com,User16411
16460,,7,user16460@example.com,User16460
16498,,46,user16498@example.com,User16498
16516,,45,user16516@example.com,User16516
16539,,53,user16539@example.com,User16539
16673,,95,user16673@example.com,User16673
16688,,32,user16688@example.com,User16688
16700,,44,user16700@example.com,User16700
16707,,33,user16707@example.com,User16707
16891,,24,user16891@example.com,User16891
17001,,69,user17001@example.com,User17001
17017,,10,user17017@example.com,User17017
17061,,15,user17061@example.com,User17061
17070,,19,user17070@example.com,User17070
17389,,81,user17389@example.com,User17389
17401,,19,user17401@example.com,User17401
17414,,26,user17414@example.com,User17414
17424,,50,user17424@example.com,User17424
17491,,53,user17491@example.com,User17491
17671,,58,user17671@example.com,User17671
17755,,65,user17755@example.com,User17755
17766,,93,user17766@example.com,User17766
17799,,74,user17799@example.com,User17799
17846,,52,user17846@example.com,User17846
17883,,85,user17883@example.com,User17883
17927,,27,user17927@example.com,User17927
17929,,20,user17929@example.com,User17929
17986,,77,user17986@example.com,User17986
18014,,74,user18014@example.com,User18014
18019,,16,user18019@example.com,User18019
18027,,79,user18027@example.com,User18027
18204,,90,user18204@example.com,User18204
18218,,48,user18218@example.com,User18218
18234,,21,user18234@example.com,User18234
18248,,71,user18248@example.com,User18248
18292,,36,user18292@example.com,User18292
18332,,33,user18332@example.com,User18332
18392,,40,user18392@example.com,User18392
18409,,98,user18409@example.com,User18409
18414,,77,user18414@example.com,User18414
18484,,40,user18484@example.com,User18484
18491,,51,user18491@example.com,User18491
18530,,31,user18530@example.com,User18530
18623,,46,user18623@example.com,User18623
18632,,70,user18632@example.com,User18632
18663,,61,user18663@example.com,User18663
18834,,85,user18834@example.com,User18834
18931,,44,user18931@example.com,User18931
18967,,22,user18967@example.com,User18967
18993,,26,user18993@example.com,User18993
19045,,40,user19045@example.com,User19045
19071,,63,user19071@example.com,User19071
19092,,45,user19092@example.com,User19092
19105,,64,user19105@example.com,User19105
19170,,12,user19170@example.com,User19170
19206,,49,user19206@example.com,User19206
19265,,53,user19265@example.com,User19265
19375,,24,user19375@example.com,User19375
19484,,56,user19484@example.com,User19484
19504,,94,user19504@example.com,User19504
19590,,57,user19590@example.com,User19590
19703,,13,user19703@example.com,User19703
19827,,39,user19827@example.com,User19827
19850,,31,user19850@example.com,User19850
19927,,41,user19927@example.com,User19927
19993,,18,user19993@example.com,User19993
2,,5,y@.com,Alice
20094,,30,user20094@example.com,User20094
20188,,63,user20188@example.com,User20188
20282,,16,user20282@example.com,User20282
20332,,59,user20332@example.com,User20332
20521,,17,user20521@example.com,User20521
20543,,66,user20543@example.com,User20543
20552,,13,user20552@example.com,User20552
20554,,75,user20554@example.com,User20554
20899,,62,user20899@example.com,User20899
20980,,97,user20980@example.com,User20980
21018,,34,user21018@example.com,User21018
21102,,33,user21102@example.com,User21102
21117,,73,user21117@example.com,User21117
21146,,77,user21146@example.com,User21146
21322,,94,user21322@example.com,User21322
21333,,44,user21333@example.com,User21333
21388,,43,user21388@example.com,User21388
21392,,83,user21392@example.com,User21392
21394,,60,user21394@example.com,User21394
21416,,26,user21416@example.com,User21416
21441,,12,user21441@example.com,User21441
21504,,34,user21504@example.com,User21504
21511,,42,user21511@example.com,User21511
21552,,72,user21552@example.com,User21552
21564,,22,user21564@example.com,User21564
21581,,37,user21581@example.com,User21581
21657,,97,user21657@example.com,User21657
21670,,63,user21670@example.com,User21670
21844,,25,user21844@example.com,User21844
21914,,59,user21914@example.com,User21914
21926,,65,user21926@example.com,User21926
21932,,10,user21932@example.com,User21932
21933,,62,user21933@example.com,User21933
21979,,59,user21979@example.com,User21979
22024,,95,user22024@example.com,User22024
22068,,42,user22068@example.com,User22068
22100,,84,user22100@example.com,User22100
22212,,78,user22212@example.com,User22212
22261,,57,user22261@example.com,User22261
22440,,65,user22440@example.com,User22440
22540,,40,user22540@example.com,User22540
22670,,75,user22670@example.com,User22670
22695,,76,user22695@example.com,User22695
22756,,2,user22756@example.com,User22756
22781,,9,user22781@example.com,User22781
22932,,39,user22932@example.com,User22932
22977,,60,user22977@example.com,User22977
23008,,72,user23008@example.com,User23008
23026,,27,user23026@example.com,User23026
23066,,53,user23066@example.com,User23066
23075,,2,user23075@example.com,User23075
23085,,77,user23085@example.com,User23085
23295,,53,user23295@example.com,User23295
23296,,97,user23296@example.com,User23296
23344,,18,user23344@example.com,User23344
23352,,50,user23352@example.com,User23352
23360,,9,user23360@example.com,User23360
23413,,11,user23413@example.com,User23413
23580,,11,user23580@example.com,User23580
23588,,47,user23588@example.com,User23588
23602,,5,user23602@example.com,User23602
23604,,90,user23604@example.com,User23604
23626,,60,user23626@example.com,User23626
23630,,80,user23630@example.com,User23630
23659,,65,user23659@example.com,User23659
23723,,15,user23723@example.com,User23723
23861,,9,user23861@example.com,User23861
23873,,61,user23873@example.com,User23873
23949,,80,user23949@example.com,User23949
24010,,55,user24010@example.com,User24010
24119,,94,user24119@example.com,User24119
24143,,10,user24143@example.com,User24143
24171,,88,user24171@example.com,User24171
24173,,19,user24173@example.com,User24173
24288,,8,user24288@example.com,User24288
24382,,75,user24382@example.com,User24382
24385,,56,user24385@example.com,User24385
24523,,35,user24523@example.com,User24523
24566,,12,user24566@example.com,User24566
24673,,1,user24673@example.com,User24673
24696,,12,user24696@example.com,User24696
24701,,75,user24701@example.com,User24701
24725,,77,user24725@example.com,User24725
24737,,55,user24737@example.com,User24737
24813,,69,user24813@example.com,User24813
24861,,50,user24861@example.com,User24861
24882,,13,user24882@example.com,User24882
24933,,70,user24933@example.com,User24933
25003,,13,user25003@example.com,User25003
25126,,80,user25126@example.com,User25126
25211,,75,user25211@example.com,User25211
25234,,26,user25234@example.com,User25234
25377,,90,user25377@example.com,User25377
25489,,82,user25489@example.com,User25489
25500,,48,user25500@example.com,User25500
25618,,59,user25618@example.com,User25618
25688,,32,user25688@example.com,User25688
25690,,91,user25690@example.com,User25690
25798,,63,user25798@example.com,User25798
25853,,62,user25853@example.com,User25853
25859,,81,user25859@example.com,User25859
25866,,63,user25866@example.com,User25866
25927,,98,user25927@example.com,User25927
26006,,29,user26006@example.com,User26006
26017,,13,user26017@example.com,User26017
26024,,46,user26024@example.com,User26024
26041,,68,user26041@example.com,User26041
26196,,86,user26196@example.com,User26196
26221,,83,user26221@example.com,User26221
26228,,74,user26228@example.com,User26228
26308,,92,user26308@example.com,User26308
26327,,53,user26327@example.com,User26327
26371,,40,user26371@example.com,User26371
26433,,71,user26433@example.com,User26433
26474,,36,user26474@example.com,User26474
26570,,62,user26570@example.com,User26570
26575,,18,user26575@example.com,User26575
26624,,95,user26624@example.com,User26624
26648,,23,user26648@example.com,User26648
26696,,63,user26696@example.com,User26696
26720,,64,user26720@example.com,User26720
26768,,55,user26768@example.com,User26768
26853,,77,user26853@example.com,User26853
26870,,41,user26870@example.com,User26870
26904,,84,user26904@example.com,User26904
26929,,30,user26929@example.com,User26929
27019,,37,user27019@example.com,User27019
27037,,46,user27037@example.com,User27037
27038,,88,user27038@example.com,User27038
27063,,40,user27063@example.com,User27063
27098,,31,user27098@example.com,User27098
27151,,64,user27151@example.com,User27151
27180,,74,user27180@example.com,User27180
27214,,84,user27214@example.com,User27214
27242,,93,user27242@example.com,User27242
27293,,72,user27293@example.com,User27293
27306,,33,user27306@example.com,User27306
27337,,37,user27337@example.com,User27337
27411,,89,user27411@example.com,User27411
27472,,28,user27472@example.com,User27472
27474,,60,user27474@example.com,User27474
27535,,61,user27535@example.com,User27535
27685,,62,user27685@example.com,User27685
27741,,83,user27741@example.com,User27741
27859,,98,user27859@example.com,User27859
27884,,48,user27884@example.com,User27884
27996,,20,user27996@example.com,User27996
27998,,37,user27998@example.com,User27998
28154,,9,user28154@example.com,User28154
28221,,73,user28221@example.com,User28221
28281,,26,user28281@example.com,User28281
28375,,49,user28375@example.com,User28375
28513,,79,user28513@example.com,User28513
28524,,16,user28524@example.com,User28524
28570,,75,user28570@example.com,User28570
28617,,51,user28617@example.com,User28617
28711,,14,user28711@example.com,User28711
28754,,24,user28754@example.com,User28754
28863,,80,user28863@example.com,User28863
28910,,36,user28910@example.com,User28910
29038,,29,user29038@example.com,User29038
29104,,17,user29104@example.com,User29104
29107,,22,user29107@example.com,User29107
29161,,56,user29161@example.com,User29161
29167,,62,user29167@example.com,User29167
29198,,26,user29198@example.com,User29198
29246,,94,user29246@example.com,User29246
29251,,41,user29251@example.com,User29251
29275,,85,user29275@example.com,User29275
29394,,26,user29394@example.com,User29394
29427,,9,user29427@example.com,User29427
29466,,47,user29466@example.com,User29466
29624,,80,user29624@example.com,User29624
29646,,26,user29646@example.com,User29646
29659,,64,user29659@example.com,User29659
29817,,12,user29817@example.com,User29817
29894,,63,user29894@example.com,User29894
29910,,25,user29910@example.com,User29910
29927,,99,user29927@example.com,User29927
29990,,58,user29990@example.com,User29990
3,,5,x@.com,Alice
30066,,11,user30066@example.com,User30066
30075,,53,user30075@example.com,User30075
30136,,64,user30136@example.com,User30136
30161,,63,user30161@example.com,User30161
30179,,75,user30179@example.com,User30179
30302,,78,user30302@example.com,User30302
30342,,48,user30342@example.com,User30342
30376,,2,user30376@example.com,User30376
30412,,77,user30412@example.com,User30412
30513,,50,user30513@example.com,User30513
30547,,6,user30547@example.com,User30547
30568,,58,user30568@example.com,User30568
30626,,15,user30626@example.com,User30626
30681,,91,user30681@example.com,User30681
30804,,54,user30804@example.com,User30804
30816,,24,user30816@example.com,User30816
30917,,34,user30917@example.com,User30917
30970,,64,user30970@example.com,User30970
30988,,88,user30988@example.com,User30988
30992,,38,user30992@example.com,User30992
31006,,82,user31006@example.com,User31006
31100,,85,user31100@example.com,User31100
31149,,29,user31149@example.com,User31149
31150,,94,user31150@example.com,User31150
31246,,76,user31246@example.com,User31246
31260,,79,user31260@example.com,User31260
31274,,80,user31274@example.com,User31274
31275,,19,user31275@example.com,User31275
31312,,82,user31312@example.com,User31312
31351,,68,user31351@example.com,User31351
31400,,31,user31400@example.com,User31400
31409,,82,user31409@example.com,User31409
31488,,54,user31488@example.com,User31488
31522,,5,user31522@example.com,User31522
31551,,21,user31551@example.com,User31551
31682,,58,user31682@example.com,User31682
31706,,74,user31706@example.com,User31706
31794,,85,user31794@example.com,User31794
31824,,58,user31824@example.com,User31824
31943,,73,user31943@example.com,User31943
31978,,91,user31978@example.com,User31978
32046,,21,user32046@example.com,User32046
32093,,48,user32093@example.com,User32093
32135,,14,user32135@example.com,User32135
32158,,66,user32158@example.com,User32158
32207,,59,user32207@example.com,User32207
32245,,34,user32245@example.com,User32245
32287,,60,user32287@example.com,User32287
32303,,58,user32303@example.com,User32303
32338,,42,user32338@example.com,User32338
32421,,26,user32421@example.com,User32421
32470,,20,user32470@example.com,User32470
32560,,98,user32560@example.com,User32560
32606,,29,user32606@example.com,User32606
32630,,73,user32630@example.com,User32630
32686,,90,user32686@example.com,User32686
32692,,43,user32692@example.com,User32692
32714,,6,user32714@example.com,User32714
32776,,70,user32776@example.com,User32776
32830,,2,user32830@example.com,User32830
32894,,21,user32894@example.com,User32894
32995,,71,user32995@example.com,User32995
33086,,69,user33086@example.com,User33086
33110,,11,user33110@example.com,User33110
33128,,84,user33128@example.com,User33128
33162,,91,user33162@example.com,User33162
33194,,53,user33194@example.com,User33194
33275,,98,user33275@example.com,User33275
33278,,85,user33278@example.com,User33278
33283,,66,user33283@example.com,User33283
33301,,50,user33301@example.com,User33301
33329,,77,user33329@example.com,User33329
33363,,63,user33363@example.com,User33363
33377,,99,user33377@example.com,User33377
33387,,19,user33387@example.com,User33387
33436,,80,user33436@example.com,User33436
33437,,30,user33437@example.com,User33437
33547,,42,user33547@example.com,User33547
33602,,11,user33602@example.com,User33602
33623,,86,user33623@example.com,User33623
33714,,41,user33714@example.com,User33714
33805,,92,user33805@example.com,User33805
33811,,77,user33811@example.com,User33811
33847,,95,user33847@example.com,User33847
33851,,82,user33851@example.com,User33851
33927,,66,user33927@example.com,User33927
33934,,4,user33934@example.com,User33934
33950,,51,user33950@example.com,User33950
33970,,79,user33970@example.com,User33970
34041,,25,user34041@example.com,User34041
34082,,74,user34082@example.com,User34082
34093,,31,user34093@example.com,User34093
34121,,64,user34121@example.com,User34121
34160,,12,user34160@example.com,User34160
34170,,25,user34170@example.com,User34170
34204,,91,user34204@example.com,User34204
34239,,15,user34239@example.com,User34239
34244,,21,user34244@example.com,User34244
34318,,44,user34318@example.com,User34318
34341,,94,user34341@example.com,User34341
34366,,59,user34366@example.com,User34366
34393,,97,user34393@example.com,User34393
34400,,59,user34400@example.com,User34400
34401,,28,user34401@example.com,User34401
34406,,15,user34406@example.com,User34406
34517,,56,user34517@example.com,User34517
34545,,18,user34545@example.com,User34545
34582,,42,user34582@example.com,User34582
34677,,27,user34677@example.com,User34677
34727,,87,user34727@example.com,User34727
34748,,61,user34748@example.com,User34748
34782,,69,user34782@example.com,User34782
34830,,45,user34830@example.com,User34830
34882,,33,user34882@example.com,User34882
34899,,59,user34899@example.com,User34899
34920,,84,user34920@example.com,User34920
35162,,58,user35162@example.com,User35162
35228,,51,user35228@example.com,User35228
35244,,24,user35244@example.com,User35244
35268,,4,user35268@example.com,User35268
35299,,22,user35299@example.com,User35299
35323,,51,user35323@example.com,User35323
35352,,64,user35352@example.com,User35352
35417,,38,user35417@example.com,User35417
35418,,68,user35418@example.com,User35418
35432,,79,user35432@example.com,User35432
35466,,43,user35466@example.com,User35466
35496,,21,user35496@example.com,User35496
35574,,63,user35574@example.com,User35574
35594,,46,user35594@example.com,User35594
35637,,50,user35637@example.com,User35637
35716,,53,user35716@example.com,User35716
35755,,63,user35755@example.com,User35755
35831,,21,user35831@example.com,User35831
35851,,69,user35851@example.com,User35851
35869,,98,user35869@example.com,User35869
35940,,48,user35940@example.com,User35940
35950,,77,user35950@example.com,User35950
35951,,17,user35951@example.com,User35951
35981,,34,user35981@example.com,User35981
36020,,98,user36020@example.com,User36020
36086,,4,user36086@example.com,User36086
36138,,41,user36138@example.com,User36138
36195,,46,user36195@example.com,User36195
36242,,4,user36242@example.com,User36242
36368,,73,user36368@example.com,User36368
36461,,98,user36461@example.com,User36461
36498,,39,user36498@example.com,User36498
36524,,99,user36524@example.com,User36524
36596,,93,user36596@example.com,User36596
36653,,93,user36653@example.com,User36653
36850,,17,user36850@example.com,User36850
36985,,33,user36985@example.com,User36985
37046,,8,user37046@example.com,User37046
37107,,86,user37107@example.com,User37107
37126,,4,user37126@example.com,User37126
37189,,58,user37189@example.com,User37189
37301,,1,user37301@example.com,User37301
37359,,13,user37359@example.com,User37359
37387,,63,user37387@example.com,User37387
37438,,55,user37438@example.com,User37438
37442,,55,user37442@example.com,User37442
37455,,92,user37455@example.com,User37455
37468,,9,user37468@example.com,User37468
37497,,19,user37497@example.com,User37497
37566,,74,user37566@example.com,User37566
37582,,9,user37582@example.com,User37582
37591,,49,user37591@example.com,User37591
37606,,19,user37606@example.com,User37606
37607,,78,user37607@example.com,User37607
37666,,66,user37666@example.com,User37666
37733,,22,user37733@example.com,User37733
37741,,84,user37741@example.com,User37741
37845,,13,user37845@example.com,User37845
37880,,5,user37880@example.com,User37880
37919,,77,user37919@example.com,User37919
38038,,32,user38038@example.com,User38038
38076,,11,user38076@example.com,User38076
38113,,30,user38113@example.com,User38113
38124,,67,user38124@example.com,User38124
38133,,85,user38133@example.com,User38133
38148,,6,user38148@example.com,User38148
38165,,33,user38165@example.com,User38165
38207,,22,user38207@example.com,User38207
38280,,99,user38280@example.com,User38280
38404,,51,user38404@example.com,User38404
38416,,86,user38416@example.com,User38416
38428,,21,user38428@example.com,User38428
38495,,10,user38495@example.com,User38495
38517,,39,user38517@example.com,User38517
38544,,6,user38544@example.com,User38544
38561,,15,user38561@example.com,User38561
38633,,73,user38633@example.com,User38633
38645,,63,user38645@example.com,User38645
38690,,23,user38690@example.com,User38690
38705,,20,user38705@example.com,User38705
38744,,96,user38744@example.com,User38744
38806,,31,user38806@example.com,User38806
38810,,83,user38810@example.com,User38810
38827,,22,user38827@example.com,User38827
38837,,84,user38837@example.com,User38837
38891,,76,user38891@example.com,User38891
38953,,54,user38953@example.com,User38953
38955,,7,user38955@example.com,User38955
38978,,76,user38978@example.com,User38978
39016,,66,user39016@example.com,User39016
39020,,26,user39020@example.com,User39020
39025,,62,user39025@example.com,User39025
39027,,89,user39027@example.com,User39027
39036,,67,user39036@example.com,User39036
39037,,40,user39037@example.com,User39037
39052,,30,user39052@example.com,User39052
39239,,94,user39239@example.com,User39239
39244,,24,user39244@example.com,User39244
39379,,68,user39379@example.com,User39379
39462,,54,user39462@example.com,User39462
39474,,58,user39474@example.com,User39474
39478,,68,user39478@example.com,User39478
39504,,14,user39504@example.com,User39504
39560,,23,user39560@example.com,User39560
39650,,9,user39650@example.com,User39650
39669,,24,user39669@example.com,User39669
39695,,75,user39695@example.com,User39695
39729,,25,user39729@example.com,User39729
39814,,79,user39814@example.com,User39814
39863,,45,user39863@example.com,User39863
39898,,61,user39898@example.com,User39898
39917,,39,user39917@example.com,User39917
4,,10,x@.com,Alice
40009,,90,user40009@example.com,User40009
40094,,80,user40094@example.com,User40094
40135,,96,user40135@example.com,User40135
40177,,5,user40177@example.com,User40177
40194,,91,user40194@example.com,User40194
40217,,42,user40217@example.com,User40217
40257,,77,user40257@example.com,User40257
40265,,76,user40265@example.com,User40265
40282,,43,user40282@example.com,User40282
40297,,21,user40297@example.com,User40297
40312,,38,user40312@example.com,User40312
40364,,91,user40364@example.com,User40364
40434,,60,user40434@example.com,User40434
40439,,82,user40439@example.com,User40439
40464,,46,user40464@example.com,User40464
40493,,82,user40493@example.com,User40493
40530,,16,user40530@example.com,User40530
40643,,1,user40643@example.com,User40643
40646,,65,user40646@example.com,User40646
40654,,15,user40654@example.com,User40654
40722,,93,user40722@example.com,User40722
40727,,84,user40727@example.com,User40727
40755,,49,user40755@example.com,User40755
40827,,68,user40827@example.com,User40827
40883,,50,user40883@example.com,User40883
40900,,22,user40900@example.com,User40900
40905,,63,user40905@example.com,User40905
40919,,44,user40919@example.com,User40919
40954,,52,user40954@example.com,User40954
40977,,44,user40977@example.com,User40977
40984,,69,user40984@example.com,User40984
41060,,80,user41060@example.com,User41060
41137,,97,user41137@example.com,User41137
41302,,8,user41302@example.com,User41302
41326,,88,user41326@example.com,User41326
41353,,11,user41353@example.com,User41353
41445,,37,user41445@example.com,User41445
41462,,60,user41462@example.com,User41462
41463,,59,user41463@example.com,User41463
41504,,34,user41504@example.com,User41504
41529,,95,user41529@example.com,User41529
41613,,71,user41613@example.com,User41613
41665,,1,user41665@example.com,User41665
41682,,70,user41682@example.com,User41682
41703,,29,user41703@example.com,User41703
41767,,37,user41767@example.com,User41767
41804,,71,user41804@example.com,User41804
41919,,42,user41919@example.com,User41919
41925,,81,user41925@example.com,User41925
42062,,33,user42062@example.com,User42062
42097,,93,user42097@example.com,User42097
42179,,19,user42179@example.com,User42179
42192,,94,user42192@example.com,User42192
42201,,16,user42201@example.com,User42201
42219,,59,user42219@example.com,User42219
42236,,24,user42236@example.com,User42236
42252,,17,user42252@example.com,User42252
42256,,46,user42256@example.com,User42256
42305,,2,user42305@example.com,User42305
42314,,68,user42314@example.com,User42314
42322,,6,user42322@example.com,User42322
42359,,7,user42359@example.com,User42359
42457,,93,user42457@example.com,User42457
42461,,21,user42461@example.com,User42461
42478,,27,user42478@example.com,User42478
42485,,36,user42485@example.com,User42485
42498,,65,user42498@example.com,User42498
42511,,53,user42511@example.com,User42511
42568,,70,user42568@example.com,User42568
42570,,73,user42570@example.com,User42570
42591,,96,user42591@example.com,User42591
42614,,1,user42614@example.com,User42614
42640,,17,user42640@example.com,User42640
42734,,29,user42734@example.com,User42734
42780,,70,user42780@example.com,User42780
42791,,28,user42791@example.com,User42791
42796,,10,user42796@example.com,User42796
42815,,16,user42815@example.com,User42815
42868,,46,user42868@example.com,User42868
43044,,31,user43044@example.com,User43044
43057,,56,user43057@example.com,User43057
43070,,46,user43070@example.com,User43070
43143,,67,user43143@example.com,User43143
43151,,70,user43151@example.com,User43151
43292,,74,user43292@example.com,User43292
43345,,68,user43345@example.com,User43345
43421,,49,user43421@example.com,User43421
43533,,58,user43533@example.com,User43533
43559,,85,user43559@example.com,User43559
43592,,92,user43592@example.com,User43592
43665,,65,user43665@example.com,User43665
43689,,24,user43689@example.com,User43689
43833,,49,user43833@example.com,User43833
43841,,10,user43841@example.com,User43841
43846,,99,user43846@example.com,User43846
43856,,77,user43856@example.com,User43856
43865,,16,user43865@example.com,User43865
43867,,83,user43867@example.com,User43867
43875,,79,user43875@example.com,User43875
43893,,44,user43893@example.com,User43893
43911,,77,user43911@example.com,User43911
43981,,50,user43981@example.com,User43981
43993,,56,user43993@example.com,User43993
44053,,44,user44053@example.com,User44053
44055,,77,user44055@example.com,User44055
44070,,69,user44070@example.com,User44070
44090,,89,user44090@example.com,User44090
44097,,70,user44097@example.com,User44097
44184,,53,user44184@example.com,User44184
44207,,62,user44207@example.com,User44207
44226,,14,user44226@example.com,User44226
44237,,2,user44237@example.com,User44237
44251,,30,user44251@example.com,User44251
44278,,76,user44278@example.com,User44278
44390,,78,user44390@example.com,User44390
44414,,20,user44414@example.com,User44414
44424,,83,user44424@example.com,User44424
44444,,35,user44444@example.com,User44444
44484,,11,user44484@example.com,User44484
44504,,26,user44504@example.com,User44504
44556,,96,user44556@example.com,User44556
44579,,6,user44579@example.com,User44579
44592,,20,user44592@example.com,User44592
44604,,96,user44604@example.com,User44604
44751,,71,user44751@example.com,User44751
44756,,3,user44756@example.com,User44756
44760,,23,user44760@example.com,User44760
44876,,48,user44876@example.com,User44876
45019,,63,user45019@example.com,User45019
45055,,26,user45055@example.com,User45055
45061,,88,user45061@example.com,User45061
45147,,8,user45147@example.com,User45147
45187,,12,user45187@example.com,User45187
45229,,57,user45229@example.com,User45229
45288,,87,user45288@example.com,User45288
45289,,85,user45289@example.com,User45289
45367,,67,user45367@example.com,User45367
45411,,31,user45411@example.com,User45411
45526,,71,user45526@example.com,User45526
45543,,78,user45543@example.com,User45543
45546,,14,user45546@example.com,User45546
45569,,40,user45569@example.com,User45569
45585,,1,user45585@example.com,User45585
45594,,47,user45594@example.com,User45594
45616,,51,user45616@example.com,User45616
45709,,81,user45709@example.com,User45709
45745,,23,user45745@example.com,User45745
45788,,27,user45788@example.com,User45788
45883,,55,user45883@example.com,User45883
45929,,6,user45929@example.com,User45929
45968,,75,user45968@example.com,User45968
46024,,30,user46024@example.com,User46024
46058,,14,user46058@example.com,User46058
46116,,92,user46116@example.com,User46116
46135,,29,user46135@example.com,User46135
46142,,53,user46142@example.com,User46142
46159,,8,user46159@example.com,User46159
46173,,62,user46173@example.com,User46173
46288,,39,user46288@example.com,User46288
46319,,28,user46319@example.com,User46319
46404,,3,user46404@example.com,User46404
46516,,9,user46516@example.com,User46516
46580,,16,user46580@example.com,User46580
46624,,25,user46624@example.com,User46624
46699,,83,user46699@example.com,User46699
46770,,70,user46770@example.com,User46770
46775,,49,user46775@example.com,User46775
46800,,82,user46800@example.com,User46800
46817,,5,user46817@example.com,User46817
46832,,4,user46832@example.com,User46832
46853,,97,user46853@example.com,User46853
46869,,28,user46869@example.com,User46869
46889,,62,user46889@example.com,User46889
46891,,81,user46891@example.com,User46891
46928,,36,user46928@example.com,User46928
46970,,83,user46970@example.com,User46970
46985,,88,user46985@example.com,User46985
47040,,63,user47040@example.com,User47040
47152,,11,user47152@example.com,User47152
47168,,71,user47168@example.com,User47168
47191,,26,user47191@example.com,User47191
47302,,79,user47302@example.com,User47302
47345,,4,user47345@example.com,User47345
47348,,51,user47348@example.com,User47348
47415,,8,user47415@example.com,User47415
47439,,95,user47439@example.com,User47439
47474,,5,user47474@example.com,User47474
47558,,19,user47558@example.com,User47558
47594,,2,user47594@example.com,User47594
47633,,31,user47633@example.com,User47633
47712,,53,user47712@example.com,User47712
47715,,42,user47715@example.com,User47715
47802,,88,user47802@example.com,User47802
47881,,91,user47881@example.com,User47881
47991,,11,user47991@example.com,User47991
48053,,51,user48053@example.com,User48053
48104,,93,user48104@example.com,User48104
48126,,86,user48126@example.com,User48126
48166,,23,user48166@example.com,User48166
48175,,31,user48175@example.com,User48175
48185,,18,user48185@example.com,User48185
48198,,57,user48198@example.com,User48198
48243,,30,user48243@example.com,User48243
48253,,24,user48253@example.com,User48253
48255,,1,user48255@example.com,User48255
48256,,51,user48256@example.com,User48256
48265,,71,user48265@example.com,User48265
48296,,25,user48296@example.com,User48296
48327,,8,user48327@example.com,User48327
48378,,15,user48378@example.com,User48378
48537,,9,user48537@example.com,User48537
48596,,22,user48596@example.com,User48596
48630,,2,user48630@example.com,User48630
48634,,91,user48634@example.com,User48634
48686,,78,user48686@example.com,User48686
48715,,65,user48715@example.com,User48715
48861,,64,user48861@example.com,User48861
48956,,93,user48956@example.com,User48956
49079,,73,user49079@example.com,User49079
49097,,97,user49097@example.com,User49097
49145,,32,user49145@example.com,User49145
49320,,20,user49320@example.com,User49320
49347,,86,user49347@example.com,User49347
49394,,65,user49394@example.com,User49394
49480,,94,user49480@example.com,User49480
49559,,29,user49559@example.com,User49559
49601,,35,user49601@example.com,User49601
49651,,18,user49651@example.com,User49651
49716,,4,user49716@example.com,User49716
49870,,89,user49870@example.com,User49870
49879,,63,user49879@example.com,User49879
49936,,18,user49936@example.com,User49936
5,,5,x@.com,Alice
50023,,11,user50023@example.com,User50023
50081,,73,user50081@example.com,User50081
50160,,94,user50160@example.com,User50160
50170,,69,user50170@example.com,User50170
50217,,29,user50217@example.com,User50217
50242,,1,user50242@example.com,User50242
50283,,45,user50283@example.com,User50283
50372,,8,user50372@example.com,User50372
50419,,42,user50419@example.com,User50419
50488,,34,user50488@example.com,User50488
50609,,15,user50609@example.com,User50609
50612,,78,user50612@example.com,User50612
50660,,30,user50660@example.com,User50660
50730,,10,user50730@example.com,User50730
50785,,27,user50785@example.com,User50785
50806,,37,user50806@example.com,User50806
50815,,75,user50815@example.com,User50815
50827,,60,user50827@example.com,User50827
50863,,2,user50863@example.com,User50863
50918,,8,user50918@example.com,User50918
50928,,4,user50928@example.com,User50928
50930,,21,user50930@example.com,User50930
50944,,68,user50944@example.com,User50944
51054,,25,user51054@example.com,User51054
51106,,34,user51106@example.com,User51106
51115,,77,user51115@example.com,User51115
51143,,89,user51143@example.com,User51143
51169,,4,user51169@example.com,User51169
51274,,94,user51274@example.com,User51274
51286,,94,user51286@example.com,User51286
51300,,41,user51300@example.com,User51300
51359,,76,user51359@example.com,User51359
51429,,76,user51429@example.com,User51429
51504,,72,user51504@example.com,User51504
51506,,27,user51506@example.com,User51506
51509,,64,user51509@example.com,User51509
51622,,97,user51622@example.com,User51622
51625,,2,user51625@example.com,User51625
51666,,1,user51666@example.com,User51666
51671,,30,user51671@example.com,User51671
51758,,2,user51758@example.com,User51758
51763,,12,user51763@example.com,User51763
51764,,14,user51764@example.com,User51764
51796,,50,user51796@example.com,User51796
51831,,79,user51831@example.com,User51831
51860,,49,user51860@example.com,User51860
51872,,31,user51872@example.com,User51872
51949,,52,user51949@example.com,User51949
51984,,38,user51984@example.com,User51984
52005,,3,user52005@example.com,User52005
52021,,68,user52021@example.com,User52021
52045,,19,user52045@example.com,User52045
52106,,50,user52106@example.com,User52106
52127,,42,user52127@example.com,User52127
52161,,20,user52161@example.com,User52161
52203,,13,user52203@example.com,User52203
52296,,82,user52296@example.com,User52296
52362,,9,user52362@example.com,User52362
52413,,94,user52413@example.com,User52413
52488,,81,user52488@example.com,User52488
52531,,9,user52531@example.com,User52531
52540,,28,user52540@example.com,User52540
52561,,74,user52561@example.com,User52561
52602,,6,user52602@example.com,User52602
52724,,63,user52724@example.com,User52724
52786,,56,user52786@example.com,User52786
52834,,67,user52834@example.com,User52834
52847,,90,user52847@example.com,User52847
52867,,12,user52867@example.com,User52867
53015,,87,user53015@example.com,User53015
53032,,66,user53032@example.com,User53032
53090,,29,user53090@example.com,User53090
53098,,44,user53098@example.com,User53098
53152,,90,user53152@example.com,User53152
53158,,2,user53158@example.com,User53158
53161,,52,user53161@example.com,User53161
53191,,78,user53191@example.com,User53191
53212,,14,user53212@example.com,User53212
53281,,86,user53281@example.com,User53281
53307,,60,user53307@example.com,User53307
53320,,50,user53320@example.com,User53320
53390,,16,user53390@example.com,User53390
53447,,94,user53447@example.com,User53447
53483,,61,user53483@example.com,User53483
53497,,67,user53497@example.com,User53497
53593,,11,user53593@example.com,User53593
53596,,20,user53596@example.com,User53596
53638,,87,user53638@example.com,User53638
53672,,52,user53672@example.com,User53672
53720,,46,user53720@example.com,User53720
53767,,23,user53767@example.com,User53767
53781,,13,user53781@example.com,User53781
53822,,76,user53822@example.com,User53822
53840,,99,user53840@example.com,User53840
53877,,27,user53877@example.com,User53877
54035,,15,user54035@example.com,User54035
54093,,42,user54093@example.com,User54093
54110,,66,user54110@example.com,User54110
54120,,79,user54120@example.com,User54120
54132,,20,user54132@example.com,User54132
54174,,44,user54174@example.com,User54174
54280,,27,user54280@example.com,User54280
54399,,58,user54399@example.com,User54399
54441,,26,user54441@example.com,User54441
54451,,73,user54451@example.com,User54451
54471,,41,user54471@example.com,User54471
54486,,53,user54486@example.com,User54486
54500,,23,user54500@example.com,User54500
54504,,96,user54504@example.com,User54504
54614,,12,user54614@example.com,User54614
54623,,87,user54623@example.com,User54623
54673,,80,user54673@example.com,User54673
54732,,20,user54732@example.com,User54732
54735,,7,user54735@example.com,User54735
54754,,80,user54754@example.com,User54754
54767,,54,user54767@example.com,User54767
54770,,42,user54770@example.com,User54770
54820,,35,user54820@example.com,User54820
54858,,78,user54858@example.com,User54858
54907,,55,user54907@example.com,User54907
55000,,50,user55000@example.com,User55000
55053,,64,user55053@example.com,User55053
55090,,38,user55090@example.com,User55090
55153,,34,user55153@example.com,User55153
55228,,52,user55228@example.com,User55228
55353,,89,user55353@example.com,User55353
55355,,40,user55355@example.com,User55355
55357,,52,user55357@example.com,User55357
55421,,30,user55421@example.com,User55421
55458,,86,user55458@example.com,User55458
55481,,65,user55481@example.com,User55481
55503,,46,user55503@example.com,User55503
55561,,10,user55561@example.com,User55561
55693,,97,user55693@example.com,User55693
55717,,90,user55717@example.com,User55717
55722,,61,user55722@example.com,User55722
55808,,85,user55808@example.com,User55808
55922,,43,user55922@example.com,User55922
55944,,42,user55944@example.com,User55944
56111,,8,user56111@example.com,User56111
56154,,61,user56154@example.com,User56154
56165,,61,user56165@example.com,User56165
56170,,20,user56170@example.com,User56170
56201,,56,user56201@example.com,User56201
56220,,29,user56220@example.com,User56220
56229,,75,user56229@example.com,User56229
56319,,87,user56319@example.com,User56319
56564,,39,user56564@example.com,User56564
56565,,61,user56565@example.com,User56565
56572,,55,user56572@example.com,User56572
56613,,81,user56613@example.com,User56613
56621,,66,user56621@example.com,User56621
56658,,35,user56658@example.com,User56658
56697,,85,user56697@example.com,User56697
56736,,46,user56736@example.com,User56736
56783,,67,user56783@example.com,User56783
56824,,1,user56824@example.com,User56824
56837,,87,user56837@example.com,User56837
56844,,37,user56844@example.com,User56844
56881,,38,user56881@example.com,User56881
56907,,59,user56907@example.com,User56907
56958,,81,user56958@example.com,User56958
56997,,19,user56997@example.com,User56997
57007,,64,user57007@example.com,User57007
57090,,92,user57090@example.com,User57090
57216,,30,user57216@example.com,User57216
57237,,75,user57237@example.com,User57237
57259,,20,user57259@example.com,User57259
57295,,65,user57295@example.com,User57295
57310,,83,user57310@example.com,User57310
57311,,35,user57311@example.com,User57311
57337,,20,user57337@example.com,User57337
57394,,5,user57394@example.com,User57394
57431,,5,user57431@example.com,User57431
57449,,37,user57449@example.com,User57449
57492,,54,user57492@example.com,User57492
57528,,98,user57528@example.com,User57528
57611,,30,user57611@example.com,User57611
57621,,58,user57621@example.com,User57621
57625,,6,user57625@example.com,User57625
57655,,23,user57655@example.com,User57655
57658,,22,user57658@example.com,User57658
57669,,22,user57669@example.com,User57669
57729,,34,user57729@example.com,User57729
57734,,44,user57734@example.com,User57734
57747,,40,user57747@example.com,User57747
57758,,13,user57758@example.com,User57758
57771,,62,user57771@example.com,User57771
57786,,67,user57786@example.com,User57786
57797,,89,user57797@example.com,User57797
57816,,62,user57816@example.com,User57816
57828,,7,user57828@example.com,User57828
57853,,11,user57853@example.com,User57853
57905,,66,user57905@example.com,User57905
57924,,98,user57924@example.com,User57924
57932,,63,user57932@example.com,User57932
58067,,75,user58067@example.com,User58067
58112,,86,user58112@example.com,User58112
58194,,77,user58194@example.com,User58194
58323,,86,user58323@example.com,User58323
58346,,43,user58346@example.com,User58346
58380,,67,user58380@example.com,User58380
58488,,50,user58488@example.com,User58488
58493,,91,user58493@example.com,User58493
58541,,60,user58541@example.com,User58541
58552,,94,user58552@example.com,User58552
58648,,94,user58648@example.com,User58648
58721,,55,user58721@example.com,User58721
58805,,24,user58805@example.com,User58805
58830,,54,user58830@example.com,User58830
58858,,75,user58858@example.com,User58858
58863,,20,user58863@example.com,User58863
58906,,26,user58906@example.com,User58906
58918,,26,user58918@example.com,User58918
59041,,94,user59041@example.com,User59041
59063,,98,user59063@example.com,User59063
59153,,95,user59153@example.com,User59153
59214,,38,user59214@example.com,User59214
59373,,34,user59373@example.com,User59373
59404,,99,user59404@example.com,User59404
59407,,92,user59407@example.com,User59407
59417,,7,user59417@example.com,User59417
59431,,85,user59431@example.com,User59431
59478,,80,user59478@example.com,User59478
59518,,84,user59518@example.com,User59518
59556,,92,user59556@example.com,User59556
59700,,56,user59700@example.com,User59700
59707,,34,user59707@example.com,User59707
59774,,14,user59774@example.com,User59774
59848,,31,user59848@example.com,User59848
59935,,85,user59935@example.com,User59935
60102,,73,user60102@example.com,User60102
60129,,93,user60129@example.com,User60129
60133,,47,user60133@example.com,User60133
60189,,16,user60189@example.com,User60189
60240,,3,user60240@example.com,User60240
60296,,83,user60296@example.com,User60296
60345,,38,user60345@example.com,User60345
60389,,80,user60389@example.com,User60389
60509,,1,user60509@example.com,User60509
60523,,51,user60523@example.com,User60523
60586,,86,user60586@example.com,User60586
60665,,17,user60665@example.com,User60665
60673,,23,user60673@example.com,User60673
60744,,68,user60744@example.com,User60744
60881,,69,user60881@example.com,User60881
61055,,82,user61055@example.com,User61055
61079,,75,user61079@example.com,User61079
61143,,49,user61143@example.com,User61143
61159,,86,user61159@example.com,User61159
61181,,92,user61181@example.com,User61181
61197,,35,user61197@example.com,User61197
61202,,90,user61202@example.com,User61202
61228,,57,user61228@example.com,User61228
61271,,53,user61271@example.com,User61271
61338,,97,user61338@example.com,User61338
61407,,64,user61407@example.com,User61407
61605,,28,user61605@example.com,User61605
61673,,39,user61673@example.com,User61673
61683,,7,user61683@example.com,User61683
61728,,14,user61728@example.com,User61728
61793,,42,user61793@example.com,User61793
61794,,9,user61794@example.com,User61794
61840,,54,user61840@example.com,User61840
61904,,9,user61904@example.com,User61904
61913,,10,user61913@example.com,User61913
62011,,45,user62011@example.com,User62011
62065,,66,user62065@example.com,User62065
62077,,53,user62077@example.com,User62077
62086,,93,user62086@example.com,User62086
62324,,49,user62324@example.com,User62324
62354,,3,user62354@example.com,User62354
62360,,6,user62360@example.com,User62360
62378,,40,user62378@example.com,User62378
62481,,41,user62481@example.com,User62481
62526,,3,user62526@example.com,User62526
62548,,73,user62548@example.com,User62548
62574,,15,user62574@example.com,User62574
62582,,4,user62582@example.com,User62582
62611,,35,user62611@example.com,User62611
62632,,85,user62632@example.com,User62632
62649,,8,user62649@example.com,User62649
62675,,3,user62675@example.com,User62675
62702,,91,user62702@example.com,User62702
62714,,33,user62714@example.com,User62714
62720,,64,user62720@example.com,User62720
62803,,57,user62803@example.com,User62803
62842,,77,user62842@example.com,User62842
62893,,13,user62893@example.com,User62893
63020,,85,user63020@example.com,User63020
63025,,87,user63025@example.com,User63025
63241,,84,user63241@example.com,User63241
63268,,52,user63268@example.com,User63268
63283,,18,user63283@example.com,User63283
63290,,34,user63290@example.com,User63290
63328,,23,user63328@example.com,User63328
63350,,93,user63350@example.com,User63350
63352,,6,user63352@example.com,User63352
63361,,43,user63361@example.com,User63361
63408,,67,user63408@example.com,User63408
63411,,51,user63411@example.com,User63411
63412,,52,user63412@example.com,User63412
63418,,56,user63418@example.com,User63418
63442,,99,user63442@example.com,User63442
63575,,49,user63575@example.com,User63575
63654,,57,user63654@example.com,User63654
63688,,54,user63688@example.com,User63688
63762,,34,user63762@example.com,User63762
63871,,38,user63871@example.com,User63871
63962,,97,user63962@example.com,User63962
63985,,29,user63985@example.com,User63985
63995,,96,user63995@example.com,User63995
64013,,70,user64013@example.com,User64013
64040,,99,user64040@example.com,User64040
64043,,98,user64043@example.com,User64043
64049,,28,user64049@example.com,User64049
64081,,53,user64081@example.com,User64081
64142,,92,user64142@example.com,User64142
64145,,21,user64145@example.com,User64145
64338,,99,user64338@example.com,User64338
64339,,89,user64339@example.com,User64339
64389,,61,user64389@example.com,User64389
64406,,10,user64406@example.com,User64406
64606,,49,user64606@example.com,User64606
64648,,95,user64648@example.com,User64648
64655,,45,user64655@example.com,User64655
64809,,84,user64809@example.com,User64809
64819,,37,user64819@example.com,User64819
64881,,50,user64881@example.com,User64881
64885,,61,user64885@example.com,User64885
64903,,40,user64903@example.com,User64903
64922,,67,user64922@example.com,User64922
64993,,39,user64993@example.com,User64993
65014,,39,user65014@example.com,User65014
65036,,25,user65036@example.com,User65036
65049,,52,user65049@example.com,User65049
65130,,2,user65130@example.com,User65130
65167,,50,user65167@example.com,User65167
65197,,28,user65197@example.com,User65197
65211,,80,user65211@example.com,User65211
65221,,32,user65221@example.com,User65221
65232,,23,user65232@example.com,User65232
65275,,39,user65275@example.com,User65275
65278,,37,user65278@example.com,User65278
65322,,71,user65322@example.com,User65322
65356,,11,user65356@example.com,User65356
65393,,89,user65393@example.com,User65393
65415,,60,user65415@example.com,User65415
65507,,97,user65507@example.com,User65507
65533,,64,user65533@example.com,User65533
65579,,62,user65579@example.com,User65579
65583,,65,user65583@example.com,User65583
65595,,31,user65595@example.com,User65595
65643,,32,user65643@example.com,User65643
65660,,99,user65660@example.com,User65660
65791,,83,user65791@example.com,User65791
65794,,83,user65794@example.com,User65794
65926,,54,user65926@example.com,User65926
66048,,12,user66048@example.com,User66048
66060,,78,user66060@example.com,User66060
66101,,96,user66101@example.com,User66101
66167,,9,user66167@example.com,User66167
66325,,9,user66325@example.com,User66325
66371,,25,user66371@example.com,User66371
66378,,49,user66378@example.com,User66378
66406,,2,user66406@example.com,User66406
66448,,73,user66448@example.com,User66448
66502,,76,user66502@example.com,User66502
66532,,63,user66532@example.com,User66532
66562,,98,user66562@example.com,User66562
66610,,12,user66610@example.com,User66610
66623,,25,user66623@example.com,User66623
66721,,15,user66721@example.com,User66721
66730,,28,user66730@example.com,User66730
66762,,6,user66762@example.com,User66762
66764,,43,user66764@example.com,User66764
67002,,64,user67002@example.com,User67002
67102,,98,user67102@example.com,User67102
67127,,70,user67127@example.com,User67127
67153,,40,user67153@example.com,User67153
67162,,11,user67162@example.com,User67162
67171,,49,user67171@example.com,User67171
67177,,60,user67177@example.com,User67177
67296,,79,user67296@example.com,User67296
67338,,18,user67338@example.com,User67338
67347,,21,user67347@example.com,User67347
67350,,30,user67350@example.com,User67350
67359,,16,user67359@example.com,User67359
67390,,62,user67390@example.com,User67390
67425,,73,user67425@example.com,User67425
67429,,80,user67429@example.com,User67429
67449,,9,user67449@example.com,User67449
67522,,22,user67522@example.com,User67522
67570,,82,user67570@example.com,User67570
67601,,70,user67601@example.com,User67601
67712,,71,user67712@example.com,User67712
67745,,14,user67745@example.com,User67745
67757,,57,user67757@example.com,User67757
67933,,81,user67933@example.com,User67933
68011,,58,user68011@example.com,User68011
68020,,32,user68020@example.com,User68020
68107,,79,user68107@example.com,User68107
68133,,66,user68133@example.com,User68133
68198,,64,user68198@example.com,User68198
68349,,31,user68349@example.com,User68349
68364,,72,user68364@example.com,User68364
68366,,52,user68366@example.com,User68366
68381,,82,user68381@example.com,User68381
68407,,75,user68407@example.com,User68407
68477,,81,user68477@example.com,User68477
68535,,27,user68535@example.com,User68535
68550,,87,user68550@example.com,User68550
68580,,81,user68580@example.com,User68580
68582,,49,user68582@example.com,User68582
68607,,41,user68607@example.com,User68607
68618,,50,user68618@example.com,User68618
68664,,45,user68664@example.com,User68664
68722,,85,user68722@example.com,User68722
68857,,8,user68857@example.com,User68857
68919,,94,user68919@example.com,User68919
69042,,55,user69042@example.com,User69042
69061,,16,user69061@example.com,User69061
69069,,36,user69069@example.com,User69069
69095,,93,user69095@example.com,User69095
69116,,91,user69116@example.com,User69116
69131,,7,user69131@example.com,User69131
69237,,4,user69237@example.com,User69237
69290,,17,user69290@example.com,User69290
69333,,29,user69333@example.com,User69333
69356,,82,user69356@example.com,User69356
69380,,17,user69380@example.com,User69380
69399,,27,user69399@example.com,User69399
69409,,3,user69409@example.com,User69409
69470,,72,user69470@example.com,User69470
69716,,97,user69716@example.com,User69716
69782,,78,user69782@example.com,User69782
69792,,90,user69792@example.com,User69792
69820,,52,user69820@example.com,User69820
69851,,49,user69851@example.com,User69851
69887,,15,user69887@example.com,User69887
69931,,71,user69931@example.com,User69931
69973,,47,user69973@example.com,User69973
69983,,11,user69983@example.com,User69983
69984,,45,user69984@example.com,User69984
70000,,46,user70000@example.com,User70000
70036,,34,user70036@example.com,User70036
70111,,91,user70111@example.com,User70111
70236,,51,user70236@example.com,User70236
70384,,90,user70384@example.com,User70384
70391,,71,user70391@example.com,User70391
70405,,1,user70405@example.com,User70405
70407,,53,user70407@example.com,User70407
70416,,95,user70416@example.com,User70416
70448,,60,user70448@example.com,User70448
70455,,87,user70455@example.com,User70455
70566,,21,user70566@example.com,User70566
70639,,21,user70639@example.com,User70639
70676,,85,user70676@example.com,User70676
70689,,33,user70689@example.com,User70689
70692,,3,user70692@example.com,User70692
70830,,74,user70830@example.com,User70830
70849,,89,user70849@example.com,User70849
70852,,48,user70852@example.com,User70852
70858,,91,user70858@example.com,User70858
70937,,43,user70937@example.com,User70937
70951,,82,user70951@example.com,User70951
70958,,69,user70958@example.com,User70958
70962,,6,user70962@example.com,User70962
71173,,31,user71173@example.com,User71173
71266,,1,user71266@example.com,User71266
71303,,19,user71303@example.com,User71303
71315,,80,user71315@example.com,User71315
71336,,64,user71336@example.com,User71336
71352,,94,user71352@example.com,User71352
71418,,3,user71418@example.com,User71418
71445,,79,user71445@example.com,User71445
71562,,93,user71562@example.com,User71562
71617,,6,user71617@example.com,User71617
71699,,84,user71699@example.com,User71699
71811,,91,user71811@example.com,User71811
71816,,75,user71816@example.com,User71816
71819,,53,user71819@example.com,User71819
71868,,63,user71868@example.com,User71868
71919,,66,user71919@example.com,User71919
71937,,10,user71937@example.com,User71937
71994,,78,user71994@example.com,User71994
72083,,27,user72083@example.com,User72083
72158,,9,user72158@example.com,User72158
72168,,51,user72168@example.com,User72168
72174,,12,user72174@example.com,User72174
72222,,97,user72222@example.com,User72222
72289,,38,user72289@example.com,User72289
72292,,88,user72292@example.com,User72292
72341,,18,user72341@example.com,User72341
72363,,71,user72363@example.com,User72363
72366,,8,user72366@example.com,User72366
72398,,97,user72398@example.com,User72398
72405,,78,user72405@example.com,User72405
72421,,79,user72421@example.com,User72421
72426,,52,user72426@example.com,User72426
72491,,87,user72491@example.com,User72491
72618,,99,user72618@example.com,User72618
72681,,67,user72681@example.com,User72681
72711,,21,user72711@example.com,User72711
72768,,38,user72768@example.com,User72768
72874,,12,user72874@example.com,User72874
72889,,18,user72889@example.com,User72889
72979,,11,user72979@example.com,User72979
73028,,75,user73028@example.com,User73028
73124,,57,user73124@example.com,User73124
73126,,54,user73126@example.com,User73126
73202,,47,user73202@example.com,User73202
73221,,6,user73221@example.com,User73221
73370,,67,user73370@example.com,User73370
73376,,39,user73376@example.com,User73376
73384,,54,user73384@example.com,User73384
73397,,14,user73397@example.com,User73397
73421,,34,user73421@example.com,User73421
73427,,61,user73427@example.com,User73427
73478,,42,user73478@example.com,User73478
73495,,95,user73495@example.com,User73495
73518,,42,user73518@example.com,User73518
73536,,13,user73536@example.com,User73536
73558,,34,user73558@example.com,User73558
73629,,7,user73629@example.com,User73629
73634,,22,user73634@example.com,User73634
73638,,95,user73638@example.com,User73638
73710,,2,user73710@example.com,User73710
73729,,41,user73729@example.com,User73729
73734,,18,user73734@example.com,User73734
73823,,50,user73823@example.com,User73823
73828,,97,user73828@example.com,User73828
73853,,42,user73853@example.com,User73853
73869,,55,user73869@example.com,User73869
73911,,84,user73911@example.com,User73911
73919,,66,user73919@example.com,User73919
73933,,49,user73933@example.com,User73933
73943,,65,user73943@example.com,User73943
74060,,43,user74060@example.com,User74060
74091,,7,user74091@example.com,User74091
74132,,95,user74132@example.com,User74132
74149,,16,user74149@example.com,User74149
74197,,6,user74197@example.com,User74197
74260,,25,user74260@example.com,User74260
74271,,79,user74271@example.com,User74271
74284,,57,user74284@example.com,User74284
74372,,11,user74372@example.com,User74372
74464,,76,user74464@example.com,User74464
74540,,63,user74540@example.com,User74540
74548,,24,user74548@example.com,User74548
74723,,31,user74723@example.com,User74723
74767,,90,user74767@example.com,User74767
74790,,6,user74790@example.com,User74790
74808,,79,user74808@example.com,User74808
74819,,96,user74819@example.com,User74819
74855,,66,user74855@example.com,User74855
74885,,10,user74885@example.com,User74885
74922,,31,user74922@example.com,User74922
74930,,76,user74930@example.com,User74930
74946,,11,user74946@example.com,User74946
74961,,42,user74961@example.com,User74961
75007,,81,user75007@example.com,User75007
75110,,18,user75110@example.com,User75110
75170,,26,user75170@example.com,User75170
75267,,88,user75267@example.com,User75267
75320,,71,user75320@example.com,User75320
75459,,75,user75459@example.com,User75459
75478,,71,user75478@example.com,User75478
75510,,44,user75510@example.com,User75510
75545,,3,user75545@example.com,User75545
75624,,61,user75624@example.com,User75624
75640,,14,user75640@example.com,User75640
75725,,98,user75725@example.com,User75725
75732,,16,user75732@example.com,User75732
75733,,58,user75733@example.com,User75733
75741,,70,user75741@example.com,User75741
75796,,12,user75796@example.com,User75796
75838,,80,user75838@example.com,User75838
75841,,30,user75841@example.com,User75841
75853,,76,user75853@example.com,User75853
75866,,69,user75866@example.com,User75866
75904,,41,user75904@example.com,User75904
75914,,45,user75914@example.com,User75914
75949,,21,user75949@example.com,User75949
76001,,33,user76001@example.com,User76001
76022,,34,user76022@example.com,User76022
76088,,66,user76088@example.com,User76088
76094,,11,user76094@example.com,User76094
76120,,54,user76120@example.com,User76120
76129,,51,user76129@example.com,User76129
76161,,82,user76161@example.com,User76161
76231,,83,user76231@example.com,User76231
76246,,49,user76246@example.com,User76246
76335,,77,user76335@example.com,User76335
76343,,85,user76343@example.com,User76343
76354,,59,user76354@example.com,User76354
76357,,7,user76357@example.com,User76357
76381,,89,user76381@example.com,User76381
76385,,57,user76385@example.com,User76385
76487,,13,user76487@example.com,User76487
76575,,3,user76575@example.com,User76575
76577,,92,user76577@example.com,User76577
76607,,95,user76607@example.com,User76607
76614,,90,user76614@example.com,User76614
76648,,57,user76648@example.com,User76648
76651,,94,user76651@example.com,User76651
76927,,40,user76927@example.com,User76927
76963,,96,user76963@example.com,User76963
76986,,28,user76986@example.com,User76986
76996,,32,user76996@example.com,User76996
77000,,57,user77000@example.com,User77000
77026,,43,user77026@example.com,User77026
77077,,19,user77077@example.com,User77077
77135,,52,user77135@example.com,User77135
77210,,96,user77210@example.com,User77210
77231,,37,user77231@example.com,User77231
77233,,94,user77233@example.com,User77233
77278,,80,user77278@example.com,User77278
77282,,48,user77282@example.com,User77282
77290,,65,user77290@example.com,User77290
77331,,76,user77331@example.com,User77331
77382,,68,user77382@example.com,User77382
77433,,2,user77433@example.com,User77433
77460,,4,user77460@example.com,User77460
77461,,1,user77461@example.com,User77461
77516,,61,user77516@example.com,User77516
77635,,32,user77635@example.com,User77635
77641,,31,user77641@example.com,User77641
77742,,12,user77742@example.com,User77742
77751,,39,user77751@example.com,User77751
77752,,72,user77752@example.com,User77752
77753,,93,user77753@example.com,User77753
77777,,82,user77777@example.com,User77777
77833,,54,user77833@example.com,User77833
77856,,36,user77856@example.com,User77856
77902,,75,user77902@example.com,User77902
77971,,52,user77971@example.com,User77971
77973,,40,user77973@example.com,User77973
77995,,34,user77995@example.com,User77995
78195,,66,user78195@example.com,User78195
78274,,15,user78274@example.com,User78274
78438,,37,user78438@example.com,User78438
78461,,41,user78461@example.com,User78461
78462,,18,user78462@example.com,User78462
78522,,19,user78522@example.com,User78522
78534,,49,user78534@example.com,User78534
78600,,12,user78600@example.com,User78600
78607,,16,user78607@example.com,User78607
78641,,31,user78641@example.com,User78641
78654,,58,user78654@example.com,User78654
78656,,67,user78656@example.com,User78656
78688,,74,user78688@example.com,User78688
78696,,60,user78696@example.com,User78696
78721,,32,user78721@example.com,User78721
78754,,63,user78754@example.com,User78754
78772,,84,user78772@example.com,User78772
78834,,99,user78834@example.com,User78834
78887,,49,user78887@example.com,User78887
78973,,67,user78973@example.com,User78973
79040,,56,user79040@example.com,User79040
79162,,89,user79162@example.com,User79162
79173,,65,user79173@example.com,User79173
79217,,84,user79217@example.com,User79217
79223,,83,user79223@example.com,User79223
79279,,28,user79279@example.com,User79279
79295,,82,user79295@example.com,User79295
79319,,63,user79319@example.com,User79319
79320,,20,user79320@example.com,User79320
79364,,34,user79364@example.com,User79364
79375,,17,user79375@example.com,User79375
79379,,38,user79379@example.com,User79379
79512,,37,user79512@example.com,User79512
79622,,72,user79622@example.com,User79622
79723,,58,user79723@example.com,User79723
79754,,60,user79754@example.com,User79754
79790,,27,user79790@example.com,User79790
79824,,11,user79824@example.com,User79824
79834,,54,user79834@example.com,User79834
79841,,32,user79841@example.com,User79841
79974,,27,user79974@example.com,User79974
79985,,94,user79985@example.com,User79985
80006,,99,user80006@example.com,User80006
80072,,17,user80072@example.com,User80072
80090,,28,user80090@example.com,User80090
80155,,37,user80155@example.com,User80155
80199,,54,user80199@example.com,User80199
80210,,83,user80210@example.com,User80210
80213,,62,user80213@example.com,User80213
80219,,30,user80219@example.com,User80219
80257,,76,user80257@example.com,User80257
80307,,78,user80307@example.com,User80307
80314,,53,user80314@example.com,User80314
80330,,49,user80330@example.com,User80330
80367,,17,user80367@example.com,User80367
80429,,99,user80429@example.com,User80429
80463,,12,user80463@example.com,User80463
80516,,37,user80516@example.com,User80516
80539,,5,user80539@example.com,User80539
80566,,21,user80566@example.com,User80566
80571,,10,user80571@example.com,User80571
80610,,22,user80610@example.com,User80610
80632,,35,user80632@example.com,User80632
80795,,82,user80795@example.com,User80795
80814,,85,user80814@example.com,User80814
80815,,80,user80815@example.com,User80815
80818,,35,user80818@example.com,User80818
80841,,62,user80841@example.com,User80841
80854,,77,user80854@example.com,User80854
80905,,54,user80905@example.com,User80905
80939,,13,user80939@example.com,User80939
81054,,4,user81054@example.com,User81054
81079,,73,user81079@example.com,User81079
81100,,70,user81100@example.com,User81100
81218,,27,user81218@example.com,User81218
81231,,10,user81231@example.com,User81231
81236,,50,user81236@example.com,User81236
81354,,53,user81354@example.com,User81354
81439,,44,user81439@example.com,User81439
81450,,93,user81450@example.com,User81450
81467,,19,user81467@example.com,User81467
81476,,47,user81476@example.com,User81476
81477,,77,user81477@example.com,User81477
81559,,64,user81559@example.com,User81559
81579,,33,user81579@example.com,User81579
81580,,46,user81580@example.com,User81580
81608,,71,user81608@example.com,User81608
81626,,12,user81626@example.com,User81626
81636,,9,user81636@example.com,User81636
81663,,87,user81663@example.com,User81663
81798,,42,user81798@example.com,User81798
81822,,65,user81822@example.com,User81822
81865,,35,user81865@example.com,User81865
81906,,13,user81906@example.com,User81906
81949,,75,user81949@example.com,User81949
82013,,54,user82013@example.com,User82013
82047,,36,user82047@example.com,User82047
82066,,70,user82066@example.com,User82066
82128,,90,user82128@example.com,User82128
82137,,67,user82137@example.com,User82137
82164,,13,user82164@example.com,User82164
82167,,5,user82167@example.com,User82167
82197,,39,user82197@example.com,User82197
82213,,76,user82213@example.com,User82213
82229,,74,user82229@example.com,User82229
82355,,86,user82355@example.com,User82355
82425,,25,user82425@example.com,User82425
82482,,82,user82482@example.com,User82482
82506,,19,user82506@example.com,User82506
82576,,65,user82576@example.com,User82576
82589,,25,user82589@example.com,User82589
82778,,88,user82778@example.com,User82778
82804,,17,user82804@example.com,User82804
82948,,9,user82948@example.com,User82948
83012,,42,user83012@example.com,User83012
83020,,4,user83020@example.com,User83020
83098,,32,user83098@example.com,User83098
83286,,64,user83286@example.com,User83286
83377,,53,user83377@example.com,User83377
83435,,60,user83435@example.com,User83435
83500,,53,user83500@example.com,User83500
83615,,36,user83615@example.com,User83615
83618,,58,user83618@example.com,User83618
83785,,9,user83785@example.com,User83785
83794,,94,user83794@example.com,User83794
83836,,22,user83836@example.com,User83836
83839,,20,user83839@example.com,User83839
83861,,47,user83861@example.com,User83861
83889,,98,user83889@example.com,User83889
83946,,58,user83946@example.com,User83946
83981,,44,user83981@example.com,User83981
83998,,40,user83998@example.com,User83998
84004,,29,user84004@example.com,User84004
84041,,11,user84041@example.com,User84041
84061,,40,user84061@example.com,User84061
84062,,37,user84062@example.com,User84062
84097,,84,user84097@example.com,User84097
84136,,41,user84136@example.com,User84136
84160,,76,user84160@example.com,User84160
84174,,92,user84174@example.com,User84174
84239,,60,user84239@example.com,User84239
84359,,62,user84359@example.com,User84359
84383,,16,user84383@example.com,User84383
84396,,33,user84396@example.com,User84396
84420,,77,user84420@example.com,User84420
84488,,37,user84488@example.com,User84488
84512,,2,user84512@example.com,User84512
84531,,22,user84531@example.com,User84531
84561,,10,user84561@example.com,User84561
84566,,4,user84566@example.com,User84566
84579,,58,user84579@example.com,User84579
84595,,69,user84595@example.com,User84595
84611,,7,user84611@example.com,User84611
84637,,1,user84637@example.com,User84637
84652,,48,user84652@example.com,User84652
84658,,98,user84658@example.com,User84658
84687,,57,user84687@example.com,User84687
84792,,21,user84792@example.com,User84792
84881,,62,user84881@example.com,User84881
84893,,81,user84893@example.com,User84893
84983,,5,user84983@example.com,User84983
84986,,26,user84986@example.com,User84986
85002,,66,user85002@example.com,User85002
85015,,57,user85015@example.com,User85015
85025,,51,user85025@example.com,User85025
85191,,72,user85191@example.com,User85191
85204,,9,user85204@example.com,User85204
85223,,97,user85223@example.com,User85223
85251,,40,user85251@example.com,User85251
85261,,21,user85261@example.com,User85261
85308,,49,user85308@example.com,User85308
85552,,44,user85552@example.com,User85552
85696,,75,user85696@example.com,User85696
85738,,46,user85738@example.com,User85738
85822,,74,user85822@example.com,User85822
85891,,5,user85891@example.com,User85891
85941,,98,user85941@example.com,User85941
85947,,18,user85947@example.com,User85947
86039,,28,user86039@example.com,User86039
86103,,19,user86103@example.com,User86103
86111,,26,user86111@example.com,User86111
86122,,50,user86122@example.com,User86122
86133,,50,user86133@example.com,User86133
86151,,83,user86151@example.com,User86151
86252,,35,user86252@example.com,User86252
86339,,18,user86339@example.com,User86339
86395,,24,user86395@example.com,User86395
86431,,6,user86431@example.com,User86431
86539,,70,user86539@example.com,User86539
86655,,59,user86655@example.com,User86655
86683,,53,user86683@example.com,User86683
86715,,77,user86715@example.com,User86715
86754,,37,user86754@example.com,User86754
86791,,90,user86791@example.com,User86791
86841,,20,user86841@example.com,User86841
86897,,62,user86897@example.com,User86897
86917,,48,user86917@example.com,User86917
86959,,89,user86959@example.com,User86959
86960,,89,user86960@example.com,User86960
86980,,70,user86980@example.com,User86980
86997,,98,user86997@example.com,User86997
87013,,59,user87013@example.com,User87013
87038,,84,user87038@example.com,User87038
87095,,77,user87095@example.com,User87095
87101,,3,user87101@example.com,User87101
87121,,87,user87121@example.com,User87121
87255,,1,user87255@example.com,User87255
87294,,16,user87294@example.com,User87294
87295,,71,user87295@example.com,User87295
87355,,41,user87355@example.com,User87355
87360,,85,user87360@example.com,User87360
87362,,56,user87362@example.com,User87362
87404,,66,user87404@example.com,User87404
87488,,34,user87488@example.com,User87488
87495,,23,user87495@example.com,User87495
87556,,46,user87556@example.com,User87556
87576,,40,user87576@example.com,User87576
87602,,10,user87602@example.com,User87602
87621,,1,user87621@example.com,User87621
87712,,18,user87712@example.com,User87712
87909,,75,user87909@example.com,User87909
87952,,67,user87952@example.com,User87952
88083,,92,user88083@example.com,User88083
88233,,17,user88233@example.com,User88233
88271,,18,user88271@example.com,User88271
88330,,26,user88330@example.com,User88330
88366,,69,user88366@example.com,User88366
88537,,52,user88537@example.com,User88537
88595,,56,user88595@example.com,User88595
88624,,62,user88624@example.com,User88624
88676,,56,user88676@example.com,User88676
88723,,32,user88723@example.com,User88723
88800,,14,user88800@example.com,User88800
88838,,99,user88838@example.com,User88838
88843,,31,user88843@example.com,User88843
88872,,65,user88872@example.com,User88872
88877,,10,user88877@example.com,User88877
88940,,97,user88940@example.com,User88940
89008,,34,user89008@example.com,User89008
89073,,8,user89073@example.com,User89073
89085,,84,user89085@example.com,User89085
89086,,17,user89086@example.com,User89086
89113,,59,user89113@example.com,User89113
89143,,91,user89143@example.com,User89143
89183,,68,user89183@example.com,User89183
89217,,61,user89217@example.com,User89217
89331,,15,user89331@example.com,User89331
89387,,35,user89387@example.com,User89387
89499,,9,user89499@example.com,User89499
89550,,47,user89550@example.com,User89550
89552,,68,user89552@example.com,User89552
89615,,50,user89615@example.com,User89615
89712,,20,user89712@example.com,User89712
89762,,63,user89762@example.com,User89762
89821,,40,user89821@example.com,User89821
89846,,1,user89846@example.com,User89846
89879,,18,user89879@example.com,User89879
89961,,49,user89961@example.com,User89961
89965,,40,user89965@example.com,User89965
90027,,76,user90027@example.com,User90027
90090,,1,user90090@example.com,User90090
90102,,96,user90102@example.com,User90102
90119,,29,user90119@example.com,User90119
90216,,99,user90216@example.com,User90216
90224,,94,user90224@example.com,User90224
90288,,18,user90288@example.com,User90288
90312,,42,user90312@example.com,User90312
90364,,59,user90364@example.com,User90364
90439,,9,user90439@example.com,User90439
90499,,29,user90499@example.com,User90499
90534,,91,user90534@example.com,User90534
90708,,3,user90708@example.com,User90708
90710,,35,user90710@example.com,User90710
90859,,13,user90859@example.com,User90859
90951,,33,user90951@example.com,User90951
90954,,63,user90954@example.com,User90954
90993,,2,user90993@example.com,User90993
91127,,32,user91127@example.com,User91127
91204,,31,user91204@example.com,User91204
91249,,58,user91249@example.com,User91249
91254,,27,user91254@example.com,User91254
91256,,92,user91256@example.com,User91256
91464,,14,user91464@example.com,User91464
91563,,93,user91563@example.com,User91563
91642,,63,user91642@example.com,User91642
91681,,26,user91681@example.com,User91681
91683,,86,user91683@example.com,User91683
91703,,32,user91703@example.com,User91703
91706,,87,user91706@example.com,User91706
91820,,11,user91820@example.com,User91820
91830,,3,user91830@example.com,User91830
91837,,20,user91837@example.com,User91837
91866,,30,user91866@example.com,User91866
91876,,9,user91876@example.com,User91876
91916,,97,user91916@example.com,User91916
91947,,32,user91947@example.com,User91947
92051,,92,user92051@example.com,User92051
92090,,39,user92090@example.com,User92090
92109,,4,user92109@example.com,User92109
92128,,90,user92128@example.com,User92128
92130,,64,user92130@example.com,User92130
92225,,56,user92225@example.com,User92225
92241,,82,user92241@example.com,User92241
92277,,32,user92277@example.com,User92277
92309,,47,user92309@example.com,User92309
92376,,88,user92376@example.com,User92376
92383,,38,user92383@example.com,User92383
92416,,77,user92416@example.com,User92416
92471,,12,user92471@example.com,User92471
92510,,27,user92510@example.com,User92510
92516,,21,user92516@example.com,User92516
92526,,16,user92526@example.com,User92526
92542,,18,user92542@example.com,User92542
92599,,44,user92599@example.com,User92599
92643,,84,user92643@example.com,User92643
92809,,74,user92809@example.com,User92809
92844,,68,user92844@example.com,User92844
93035,,3,user93035@example.com,User93035
93164,,72,user93164@example.com,User93164
93172,,48,user93172@example.com,User93172
93192,,37,user93192@example.com,User93192
93227,,41,user93227@example.com,User93227
93655,,82,user93655@example.com,User93655
93683,,50,user93683@example.com,User93683
93777,,44,user93777@example.com,User93777
93835,,71,user93835@example.com,User93835
93885,,69,user93885@example.com,User93885
93907,,54,user93907@example.com,User93907
93910,,81,user93910@example.com,User93910
94046,,18,user94046@example.com,User94046
94155,,61,user94155@example.com,User94155
94231,,42,user94231@example.com,User94231
94320,,21,user94320@example.com,User94320
94569,,15,user94569@example.com,User94569
94571,,58,user94571@example.com,User94571
94660,,61,user94660@example.com,User94660
94778,,45,user94778@example.com,User94778
94837,,52,user94837@example.com,User94837
94860,,78,user94860@example.com,User94860
94939,,60,user94939@example.com,User94939
94956,,79,user94956@example.com,User94956
94962,,35,user94962@example.com,User94962
95051,,95,user95051@example.com,User95051
95060,,58,user95060@example.com,User95060
95130,,47,user95130@example.com,User95130
95134,,32,user95134@example.com,User95134
95248,,40,user95248@example.com,User95248
95319,,5,user95319@example.com,User95319
95376,,89,user95376@example.com,User95376
95411,,14,user95411@example.com,User95411
95453,,75,user95453@example.com,User95453
95478,,9,user95478@example.com,User95478
95538,,33,user95538@example.com,User95538
95559,,48,user95559@example.com,User95559
95610,,88,user95610@example.com,User95610
95663,,88,user95663@example.com,User95663
95676,,25,user95676@example.com,User95676
95681,,92,user95681@example.com,User95681
95706,,21,user95706@example.com,User95706
95733,,2,user95733@example.com,User95733
95840,,60,user95840@example.com,User95840
95900,,63,user95900@example.com,User95900
95903,,22,user95903@example.com,User95903
95911,,75,user95911@example.com,User95911
95929,,83,user95929@example.com,User95929
95955,,49,user95955@example.com,User95955
95971,,1,user95971@example.com,User95971
96136,,65,user96136@example.com,User96136
96167,,47,user96167@example.com,User96167
96197,,69,user96197@example.com,User96197
96211,,19,user96211@example.com,User96211
96225,,75,user96225@example.com,User96225
96246,,53,user96246@example.com,User96246
96263,,34,user96263@example.com,User96263
96273,,78,user96273@example.com,User96273
96276,,52,user96276@example.com,User96276
96303,,2,user96303@example.com,User96303
96363,,21,user96363@example.com,User96363
96371,,46,user96371@example.com,User96371
96387,,88,user96387@example.com,User96387
96411,,35,user96411@example.com,User96411
96418,,65,user96418@example.com,User96418
96462,,22,user96462@example.com,User96462
96576,,94,user96576@example.com,User96576
96584,,1,user96584@example.com,User96584
96602,,13,user96602@example.com,User96602
96612,,1,user96612@example.com,User96612
96664,,27,user96664@example.com,User96664
96739,,91,user96739@example.com,User96739
96785,,48,user96785@example.com,User96785
96810,,55,user96810@example.com,User96810
96821,,68,user96821@example.com,User96821
96845,,35,user96845@example.com,User96845
96910,,40,user96910@example.com,User96910
96922,,71,user96922@example.com,User96922
96946,,72,user96946@example.com,User96946
96947,,26,user96947@example.com,User96947
96956,,98,user96956@example.com,User96956
96981,,61,user96981@example.com,User96981
97034,,66,user97034@example.com,User97034
97136,,15,user97136@example.com,User97136
97148,,97,user97148@example.com,User97148
97203,,97,user97203@example.com,User97203
97234,,24,user97234@example.com,User97234
97328,,60,user97328@example.com,User97328
97361,,30,user97361@example.com,User97361
97570,,60,user97570@example.com,User97570
97604,,69,user97604@example.com,User97604
97639,,36,user97639@example.com,User97639
97674,,64,user97674@example.com,User97674
97683,,46,user97683@example.com,User97683
97705,,12,user97705@example.com,User97705
97759,,75,user97759@example.com,User97759
97779,,93,user97779@example.com,User97779
97781,,51,user97781@example.com,User97781
97815,,6,user97815@example.com,User97815
97837,,91,user97837@example.com,User97837
97969,,75,user97969@example.com,User97969
98005,,38,user98005@example.com,User98005
98047,,99,user98047@example.com,User98047
98086,,52,user98086@example.com,User98086
98168,,6,user98168@example.com,User98168
98194,,33,user98194@example.com,User98194
98205,,14,user98205@example.com,User98205
98225,,18,user98225@example.com,User98225
98280,,43,user98280@example.com,User98280
98294,,4,user98294@example.com,User98294
98308,,61,user98308@example.com,User98308
98319,,41,user98319@example.com,User98319
98376,,48,user98376@example.com,User98376
98390,,63,user98390@example.com,User98390
98417,,77,user98417@example.com,User98417
98436,,83,user98436@example.com,User98436
98457,,87,user98457@example.com,User98457
98476,,5,user98476@example.com,User98476
98490,,17,user98490@example.com,User98490
98568,,52,user98568@example.com,User98568
98608,,78,user98608@example.com,User98608
98740,,41,user98740@example.com,User98740
98773,,13,user98773@example.com,User98773
98895,,10,user98895@example.com,User98895
98945,,91,user98945@example.com,User98945
98985,,98,user98985@example.com,User98985
99045,,21,user99045@example.com,User99045
99065,,7,user99065@example.com,User99065
99066,,48,user99066@example.com,User99066
99087,,99,user99087@example.com,User99087
99242,,27,user99242@example.com,User99242
99261,,65,user99261@example.com,User99261
99292,,47,user99292@example.com,User99292
99339,,27,user99339@example.com,User99339
99393,,76,user99393@example.com,User99393
99407,,56,user99407@example.com,User99407
99452,,73,user99452@example.com,User99452
99548,,7,user99548@example.com,User99548
99569,,81,user99569@example.com,User99569
99727,,64,user99727@example.com,User99727
99732,,78,user99732@example.com,User99732
99779,,54,user99779@example.com,User99779
99951,,13,user99951@example.com,User99951
